household_name,first_name,last_name,age_category,email,phone,notes
"Garry, Julie, Matthew, Ellie & Robert Hirst",Garry,Hirst,adult,,,
"Garry, Julie, Matthew, Ellie & Robert Hirst",Julie,Hirst,adult,,,
"Garry, Julie, Matthew, Ellie & Robert Hirst",Matthew,Hirst,adult,,,
"Garry, Julie, Matthew, Ellie & Robert Hirst",Ellie,Hirst,adult,,,
"Garry, Julie, Matthew, Ellie & Robert Hirst",Robert,Hirst,adult,,,
Meredith W,Meredith,W,adult,,,
"Janet, Colin & Oliver James",Janet,James,adult,,,
"Janet, Colin & Oliver James",Colin,James,adult,,,
"Janet, Colin & Oliver James",Oliver,James,adult,,,
Grace Franklin,Grace,Franklin,adult,,,
Laura & Tom Risley,Laura,Risley,adult,,,
Laura & Tom Risley,Tom,Risley,adult,,,
Scott James,Scott,James,adult,,,
Janet & Chris Hirst,Janet,Hirst,adult,,,
Janet & Chris Hirst,Chris,Hirst,adult,,,
"Rachel, Finlay & Evie Hirst",Rachel,Hirst,adult,,,
"Rachel, Finlay & Evie Hirst",Finlay,Hirst,adult,,,
"Rachel, Finlay & Evie Hirst",Evie,Hirst,adult,,,
Laura Hirst,Laura,Hirst,adult,,,
Che & Rowan Senior,Che,Senior,adult,,,
Che & Rowan Senior,Rowan,Senior,adult,,,
Grandad Hirst,Grandad,Hirst,adult,,,
Charlotte D,Charlotte,D,adult,,,
Nancy,Nancy,,adult,,,
Darcy,Darcy,,adult,,,
Chris & Jim Cook,Chris,Cook,adult,,,
Chris & Jim Cook,Jim,Cook,adult,,,
Alex & Liam Baker-Cook,Alex,Baker-Cook,adult,,,
Alex & Liam Baker-Cook,Liam,Baker-Cook,adult,,,
Sam & Jeff Temporal,Sam,Temporal,adult,,,
Sam & Jeff Temporal,Jeff,Temporal,adult,,,
Peter Lynn,Peter,Lynn,adult,,,
"Judith, Tim, Jayne, Tom & Harriet Warnes",Judith,Warnes,adult,,,
"Judith, Tim, Jayne, Tom & Harriet Warnes",Tim,Warnes,adult,,,
"Judith, Tim, Jayne, Tom & Harriet Warnes",Jayne,Warnes,adult,,,
"Judith, Tim, Jayne, Tom & Harriet Warnes",Tom,Warnes,adult,,,
"Judith, Tim, Jayne, Tom & Harriet Warnes",Harriet,Warnes,adult,,,
"Karen, Andy, Ben, Johnny & Adam Pettit",Karen,Pettit,adult,,,
"Karen, Andy, Ben, Johnny & Adam Pettit",Andy,Pettit,adult,,,
"Karen, Andy, Ben, Johnny & Adam Pettit",Ben,Pettit,adult,,,
"Karen, Andy, Ben, Johnny & Adam Pettit",Johnny,Pettit,adult,,,
"Karen, Andy, Ben, Johnny & Adam Pettit",Adam,Pettit,adult,,,
Alan & Di Norfolk,Alan,Norfolk,adult,,,
Alan & Di Norfolk,Di,Norfolk,adult,,,
Sally,Sally,,adult,,,
Tony,Tony,,adult,,,
Katie,Katie,,adult,,,
Paul,Paul,,adult,,,
Dawn,Dawn,,adult,,,
Fergus,Fergus,,adult,,,
Andrew,Andrew,,adult,,,
Helen,Helen,,adult,,,
Wilbur,Wilbur,,adult,,,
Hattie,Hattie,,adult,,,
Karen & Paul Anderson,Karen,Anderson,adult,,,
Karen & Paul Anderson,Paul,Anderson,adult,,,
Emma Brooke,Emma,Brooke,adult,,,
Caroline Keane,Caroline,Keane,adult,,,
Olivia Hepworth,Olivia,Hepworth,adult,,,
Grace & Rob Beeston,Grace,Beeston,adult,,,
Grace & Rob Beeston,Rob,Beeston,adult,,,
Emma Wilcock,Emma,Wilcock,adult,,,
Tom Phillips,Tom,Phillips,adult,,,
Sophie Gettings,Sophie,Gettings,adult,,,
Luke Baker,Luke,Baker,adult,,,
Natasha & Aiden Blakeman,Natasha,Blakeman,adult,,,
Natasha & Aiden Blakeman,Aiden,Blakeman,adult,,,
Lizzie Halliday,Lizzie,Halliday,adult,,,
Ethan Core,Ethan,Core,adult,,,
Charlotte Price,Charlotte,Price,adult,,,
Matt Hogg,Matt,Hogg,adult,,,
Catherine,Catherine,,adult,,,
Sif,Sif,,adult,,,
Aayushi,Aayushi,,adult,,,
Amar,Amar,,adult,,,
Jessica & Adam Zone,Jessica,Zone,adult,,,
Jessica & Adam Zone,Adam,Zone,adult,,,
Daniel Young,Daniel,Young,adult,,,
Verity Brooker,Verity,Brooker,adult,,,
Aroop,Aroop,,adult,,,
Ajay,Ajay,,adult,,,
AK,AK,,adult,,,
Sarah Singh,Sarah,Singh,adult,,,
Sinead Coakley,Sinead,Coakley,adult,,,
Amber Pugh,Amber,Pugh,adult,,,
Caterina & Harry Milo,Caterina,Milo,adult,,,
Caterina & Harry Milo,Harry,Milo,adult,,,
Sue & Phil Valente,Sue,Valente,adult,,,
Sue & Phil Valente,Phil,Valente,adult,,,
Vik & Mary Singh,Vik,Singh,adult,,,
Vik & Mary Singh,Mary,Singh,adult,,,
Angus Botting,Angus,Botting,adult,,,
Alice Warnes,Alice,Warnes,adult,,,Contact: Jamie
Millie,Millie,,adult,,,Contact: Pete
Brendon,Brendon,,adult,,,Contact: James
Remy,Remy,,adult,,,Contact: Anu
Kim,Kim,,adult,,,Contact: Sandra
Ruby,Ruby,,adult,,,Contact: Evan
Grandad S,Grandad S,,adult,,,Just church? Contact: Louise
Rob,Rob,,adult,,,Contact: Vik
Bex,Bex,,adult,,,
Anu,Anu,,adult,,,Contact: James
Nina,Nina,,adult,,,Contact: Lorraine
Kristof,Kristof,,adult,,,Contact: Wilcox
Ed,Ed,,adult,,,
